{
  "f1_macro": 0.6617091189694851,
  "f1_positive": 0.7599486521181001,
  "f1_negative": 0.6757281553398058,
  "f1_neutral": 0.5494505494505495,
  "precision_positive": 0.7437185929648241,
  "recall_positive": 0.7769028871391076,
  "precision_negative": 0.6823529411764706,
  "recall_negative": 0.6692307692307692,
  "precision_neutral": 0.5882352941176471,
  "recall_neutral": 0.5154639175257731,
  "auc_pr_positive": 0.816656127525407,
  "auc_pr_negative": 0.7456494285343858,
  "auc_pr_neutral": 0.5632122981001196,
  "auc_pr_macro": 0.7085059513866375,
  "g_mean": 0.7367212762839374,
  "accuracy": 0.7046070460704607,
  "confusion_matrix": [
    [
      296,
      60,
      25
    ],
    [
      76,
      174,
      10
    ],
    [
      26,
      21,
      50
    ]
  ]
}