{
  "f1_macro": 0.6805335142457203,
  "f1_positive": 0.7806122448979592,
  "f1_negative": 0.7014028056112225,
  "f1_neutral": 0.5595854922279793,
  "precision_positive": 0.7593052109181141,
  "recall_positive": 0.8031496062992126,
  "precision_negative": 0.7322175732217573,
  "recall_negative": 0.6730769230769231,
  "precision_neutral": 0.5625,
  "recall_neutral": 0.5567010309278351,
  "auc_pr_positive": 0.8446065572827722,
  "auc_pr_negative": 0.785306353391422,
  "auc_pr_neutral": 0.6302117236319009,
  "auc_pr_macro": 0.7533748781020316,
  "g_mean": 0.7557942643532091,
  "accuracy": 0.7249322493224932,
  "confusion_matrix": [
    [
      306,
      51,
      24
    ],
    [
      67,
      175,
      18
    ],
    [
      30,
      13,
      54
    ]
  ]
}