{
  "f1_macro": 0.6196629054134339,
  "f1_positive": 0.6844444444444444,
  "f1_negative": 0.6869409660107334,
  "f1_neutral": 0.48760330578512395,
  "precision_positive": 0.7857142857142857,
  "recall_positive": 0.6062992125984252,
  "precision_negative": 0.6421404682274248,
  "recall_negative": 0.7384615384615385,
  "precision_neutral": 0.4068965517241379,
  "recall_neutral": 0.6082474226804123,
  "auc_pr_positive": 0.8286997287567062,
  "auc_pr_negative": 0.7668694436742078,
  "auc_pr_neutral": 0.5976126563332773,
  "auc_pr_macro": 0.7310606095880638,
  "g_mean": 0.7314498774038585,
  "accuracy": 0.6531165311653117,
  "confusion_matrix": [
    [
      231,
      89,
      61
    ],
    [
      43,
      192,
      25
    ],
    [
      20,
      18,
      59
    ]
  ]
}