{
  "f1_macro": 0.6883802997078897,
  "f1_positive": 0.7872078720787208,
  "f1_negative": 0.6965376782077393,
  "f1_neutral": 0.5813953488372093,
  "precision_positive": 0.7407407407407407,
  "recall_positive": 0.8398950131233596,
  "precision_negative": 0.7402597402597403,
  "recall_negative": 0.6576923076923077,
  "precision_neutral": 0.6666666666666666,
  "recall_neutral": 0.5154639175257731,
  "auc_pr_positive": 0.8465071863915135,
  "auc_pr_negative": 0.7928740057052175,
  "auc_pr_neutral": 0.6396864293717216,
  "auc_pr_macro": 0.7596892071561508,
  "g_mean": 0.7510297992198743,
  "accuracy": 0.7330623306233063,
  "confusion_matrix": [
    [
      320,
      46,
      15
    ],
    [
      79,
      171,
      10
    ],
    [
      33,
      14,
      50
    ]
  ]
}