{
  "f1_macro": 0.6909342203419274,
  "f1_positive": 0.7786259541984732,
  "f1_negative": 0.7108433734939759,
  "f1_neutral": 0.5833333333333334,
  "precision_positive": 0.7555555555555555,
  "recall_positive": 0.8031496062992126,
  "precision_negative": 0.7436974789915967,
  "recall_negative": 0.6807692307692308,
  "precision_neutral": 0.5894736842105263,
  "recall_neutral": 0.5773195876288659,
  "auc_pr_positive": 0.8477411626103064,
  "auc_pr_negative": 0.8011853236663588,
  "auc_pr_neutral": 0.6468159978389098,
  "auc_pr_macro": 0.7652474947051916,
  "g_mean": 0.7618439259869897,
  "accuracy": 0.7303523035230353,
  "confusion_matrix": [
    [
      306,
      49,
      26
    ],
    [
      70,
      177,
      13
    ],
    [
      29,
      12,
      56
    ]
  ]
}