{
  "f1_macro": 0.6793874254943334,
  "f1_positive": 0.7604871447902571,
  "f1_negative": 0.7233273056057866,
  "f1_neutral": 0.5543478260869565,
  "precision_positive": 0.7849162011173184,
  "recall_positive": 0.7375328083989501,
  "precision_negative": 0.6825938566552902,
  "recall_negative": 0.7692307692307693,
  "precision_neutral": 0.5862068965517241,
  "recall_neutral": 0.5257731958762887,
  "auc_pr_positive": 0.8442256212352988,
  "auc_pr_negative": 0.8070976706794506,
  "auc_pr_neutral": 0.6427471151260504,
  "auc_pr_macro": 0.7646901356802666,
  "g_mean": 0.7564255481771256,
  "accuracy": 0.7208672086720868,
  "confusion_matrix": [
    [
      281,
      74,
      26
    ],
    [
      50,
      200,
      10
    ],
    [
      27,
      19,
      51
    ]
  ]
}