{
  "f1_macro": 0.6783972550439384,
  "f1_positive": 0.7613941018766756,
  "f1_negative": 0.7213114754098361,
  "f1_neutral": 0.5524861878453039,
  "precision_positive": 0.7780821917808219,
  "recall_positive": 0.7454068241469817,
  "precision_negative": 0.6851211072664359,
  "recall_negative": 0.7615384615384615,
  "precision_neutral": 0.5952380952380952,
  "recall_neutral": 0.5154639175257731,
  "auc_pr_positive": 0.8468639396062072,
  "auc_pr_negative": 0.8095712173936261,
  "auc_pr_neutral": 0.6497280490833345,
  "auc_pr_macro": 0.7687210686943892,
  "g_mean": 0.7539576657444236,
  "accuracy": 0.7208672086720868,
  "confusion_matrix": [
    [
      284,
      71,
      26
    ],
    [
      54,
      198,
      8
    ],
    [
      27,
      20,
      50
    ]
  ]
}